Tour Title,Tour ID,Stop Title,Stop ID,Description,Address,Latitude,Longitude,Coord Quality,Trigger Radius M,Model URL,Audio URL
Black American Legacy & Quaker Heritage,black-american-legacy-and-quaker-heritage,Arch Street Friends Meeting House,black-american-legacy-and-quaker-heritage-arch-street-friends-meeting-house,"Oldest continuously used Quaker meeting house (1669-present) | Day: Day 1 | Time: Morning | Location: 320 Arch St, Philadelphia, PA 19106","320 Arch St, Philadelphia, PA 19106",39.95183,-75.14619,verified,40,/models/arch-street-friends-meeting-house.glb,/audio/arch-street-friends-meeting-house.mp3
Black American Legacy & Quaker Heritage,black-american-legacy-and-quaker-heritage,Free Quaker Meeting House,black-american-legacy-and-quaker-heritage-free-quaker-meeting-house,"Quakers who supported the Revolution (1783) | Day: Day 1 | Time: Morning | Location: 500 Arch St, Philadelphia, PA","500 Arch St, Philadelphia, PA",39.95139,-75.14954,verified,40,/models/free-quaker-meeting-house.glb,/audio/free-quaker-meeting-house.mp3
Black American Legacy & Quaker Heritage,black-american-legacy-and-quaker-heritage,Pennsylvania Abolition Society,black-american-legacy-and-quaker-heritage-pennsylvania-abolition-society,"First abolitionist organization in the world (1775) | Day: Day 1 | Time: Morning | Location: 525 Chestnut St, Philadelphia, PA","525 Chestnut St, Philadelphia, PA",39.94961,-75.14908,verified,40,/models/pennsylvania-abolition-society.glb,/audio/pennsylvania-abolition-society.mp3
Black American Legacy & Quaker Heritage,black-american-legacy-and-quaker-heritage,Mother Bethel AME Church,black-american-legacy-and-quaker-heritage-mother-bethel-ame-church,"Founded 1794 by Richard Allen, oldest parcel owned by African Americans | Day: Day 1 | Time: Morning | Location: 419 S 6th St, Philadelphia, PA","419 S 6th St, Philadelphia, PA",39.94255,-75.15006,verified,40,/models/mother-bethel-ame-church.glb,/audio/mother-bethel-ame-church.mp3
Black American Legacy & Quaker Heritage,black-american-legacy-and-quaker-heritage,President's House / Liberty Bell Center,black-american-legacy-and-quaker-heritage-president-s-house-liberty-bell-center,"George Washington's enslaved household exhibits | Day: Day 1 | Time: Afternoon | Location: 526 Market St, Philadelphia, PA","526 Market St, Philadelphia, PA",39.94961,-75.15028,verified,40,/models/president-s-house-liberty-bell-center.glb,/audio/president-s-house-liberty-bell-center.mp3
Black American Legacy & Quaker Heritage,black-american-legacy-and-quaker-heritage,Lombard Street Free African Society homes,black-american-legacy-and-quaker-heritage-lombard-street-free-african-society-ho,"Richard Allen, Absalom Jones, Cyrus Bustill homes | Day: Day 1 | Time: Afternoon | Location: 600-700 block Lombard St, Philadelphia, PA","600-700 block Lombard St, Philadelphia, PA",39.943168393929,-75.153778315938,verified,40,/models/lombard-street-free-african-society-homes.glb,/audio/lombard-street-free-african-society-homes.mp3
Black American Legacy & Quaker Heritage,black-american-legacy-and-quaker-heritage,Belfield Mansion,black-american-legacy-and-quaker-heritage-belfield-mansion,"1711 Quaker summer estate, abolitionist ties | Day: Day 1 | Time: Afternoon | Location: 2100 W Clarkson Ave, Philadelphia, PA 19144","2100 W Clarkson Ave, Philadelphia, PA 19144",40.03455,-75.15466,verified,40,/models/belfield-mansion.glb,/audio/belfield-mansion.mp3
Black American Legacy & Quaker Heritage,black-american-legacy-and-quaker-heritage,Cliveden,black-american-legacy-and-quaker-heritage-cliveden,"1767 mansion, Battle of Germantown site | Day: Day 2 | Time: Morning | Location: 6401 Germantown Ave, Philadelphia, PA","6401 Germantown Ave, Philadelphia, PA",40.04492,-75.17806,verified,40,/models/cliveden.glb,/audio/cliveden.mp3
Black American Legacy & Quaker Heritage,black-american-legacy-and-quaker-heritage,Upsala,black-american-legacy-and-quaker-heritage-upsala,"1798 Federal-style mansion | Day: Day 2 | Time: Morning | Location: 6430 Germantown Ave, Philadelphia, PA","6430 Germantown Ave, Philadelphia, PA",40.04571,-75.17741,verified,40,/models/upsala.glb,/audio/upsala.mp3
Black American Legacy & Quaker Heritage,black-american-legacy-and-quaker-heritage,Wyck,black-american-legacy-and-quaker-heritage-wyck,"One of Germantown's oldest houses, abolitionist ties | Day: Day 2 | Time: Morning | Location: 6026 Germantown Ave, Philadelphia, PA","6026 Germantown Ave, Philadelphia, PA",40.03874,-75.17605,verified,40,/models/wyck.glb,/audio/wyck.mp3
Black American Legacy & Quaker Heritage,black-american-legacy-and-quaker-heritage,Deshler-Morris House,black-american-legacy-and-quaker-heritage-deshler-morris-house,"Washington's Germantown White House 1793-94 | Day: Day 2 | Time: Morning | Location: 5442 Germantown Ave, Philadelphia, PA","5442 Germantown Ave, Philadelphia, PA",40.02968,-75.17364,verified,40,/models/deshler-morris-house.glb,/audio/deshler-morris-house.mp3
Black American Legacy & Quaker Heritage,black-american-legacy-and-quaker-heritage,Grumblethorpe,black-american-legacy-and-quaker-heritage-grumblethorpe,"1744 summer home of Wister family | Day: Day 2 | Time: Morning | Location: 5267 Germantown Ave, Philadelphia, PA","5267 Germantown Ave, Philadelphia, PA",40.03195990911,-75.168420267294,verified,40,/models/grumblethorpe.glb,/audio/grumblethorpe.mp3
Black American Legacy & Quaker Heritage,black-american-legacy-and-quaker-heritage,Stenton,black-american-legacy-and-quaker-heritage-stenton,"Georgian mansion with complex slavery history | Day: Day 2 | Time: Morning | Location: 4601 N 18th St, Philadelphia, PA","4601 N 18th St, Philadelphia, PA",40.02373,-75.16029,verified,40,/models/stenton.glb,/audio/stenton.mp3
Black American Legacy & Quaker Heritage,black-american-legacy-and-quaker-heritage,Germantown Mennonite Meetinghouse,black-american-legacy-and-quaker-heritage-germantown-mennonite-meetinghouse,"Site of 1688 Protest Against Slavery | Day: Day 2 | Time: Afternoon | Location: 6119 Germantown Ave, Philadelphia, PA","6119 Germantown Ave, Philadelphia, PA",40.04134,-75.17682,verified,40,/models/germantown-mennonite-meetinghouse.glb,/audio/germantown-mennonite-meetinghouse.mp3
Black American Legacy & Quaker Heritage,black-american-legacy-and-quaker-heritage,Johnson House,black-american-legacy-and-quaker-heritage-johnson-house,"Underground Railroad station | Day: Day 2 | Time: Afternoon | Location: 6306 Germantown Ave, Philadelphia, PA","6306 Germantown Ave, Philadelphia, PA",40.043414697068,-75.181116152631,verified,40,/models/johnson-house.glb,/audio/johnson-house.mp3
Black American Legacy & Quaker Heritage,black-american-legacy-and-quaker-heritage,The Woodlands,black-american-legacy-and-quaker-heritage-the-woodlands,"1770s neoclassical mansion and cemetery | Day: Day 3 | Time: Morning | Location: 4000 Woodland Ave, Philadelphia, PA 19104","4000 Woodland Ave, Philadelphia, PA 19104",39.94933,-75.20504,verified,40,/models/the-woodlands.glb,/audio/the-woodlands.mp3
Black American Legacy & Quaker Heritage,black-american-legacy-and-quaker-heritage,Belmont Mansion,black-american-legacy-and-quaker-heritage-belmont-mansion,"Underground Railroad stop | Day: Day 3 | Time: Morning | Location: 2000 Belmont Mansion Dr, Philadelphia, PA 19131","2000 Belmont Mansion Dr, Philadelphia, PA 19131",39.98363,-75.19103,verified,40,/models/belmont-mansion.glb,/audio/belmont-mansion.mp3
Black American Legacy & Quaker Heritage,black-american-legacy-and-quaker-heritage,Lemon Hill Mansion,black-american-legacy-and-quaker-heritage-lemon-hill-mansion,"1799 Federal mansion, owned by Quaker Henry Pratt | Day: Day 3 | Time: Morning | Location: Lemon Hill Dr, Philadelphia, PA 19130","Lemon Hill Dr, Philadelphia, PA 19130",39.97157,-75.17377,verified,40,/models/lemon-hill-mansion.glb,/audio/lemon-hill-mansion.mp3
Black American Legacy & Quaker Heritage,black-american-legacy-and-quaker-heritage,Cedar Grove & Laurel Hill mansions,black-american-legacy-and-quaker-heritage-cedar-grove-and-laurel-hill-mansions,"Quaker summer estates | Day: Day 3 | Time: Morning | Location: 3487 Edgley Dr, Philadelphia, PA","3487 Edgley Dr, Philadelphia, PA",39.98306,-75.18589,verified,40,/models/cedar-grove-and-laurel-hill-mansions.glb,/audio/cedar-grove-and-laurel-hill-mansions.mp3
Black American Legacy & Quaker Heritage,black-american-legacy-and-quaker-heritage,4700-4800 blocks of Walnut Street,black-american-legacy-and-quaker-heritage-4700-4800-blocks-of-walnut-street,"Twin Victorian mansions | Day: Day 3 | Time: Afternoon | Location: 4750 Walnut St, Philadelphia, PA","4750 Walnut St, Philadelphia, PA",39.9543,-75.2172,verified,40,/models/4700-4800-blocks-of-walnut-street.glb,/audio/4700-4800-blocks-of-walnut-street.mp3
Black American Legacy & Quaker Heritage,black-american-legacy-and-quaker-heritage,4600 Spruce Street,black-american-legacy-and-quaker-heritage-4600-spruce-street,"Former home of Dr. Nathan F. Mossell | Day: Day 3 | Time: Afternoon | Location: 4600 Spruce St, Philadelphia, PA","4600 Spruce St, Philadelphia, PA",39.95505,-75.21262,verified,40,/models/4600-spruce-street.glb,/audio/4600-spruce-street.mp3
Black American Legacy & Quaker Heritage,black-american-legacy-and-quaker-heritage,3911 Delancey Street,black-american-legacy-and-quaker-heritage-3911-delancey-street,"Childhood home of Marian Anderson | Day: Day 3 | Time: Afternoon | Location: 3911 Delancey St, Philadelphia, PA","3911 Delancey St, Philadelphia, PA",39.951017022299,-75.201158513635,verified,40,/models/3911-delancey-street.glb,/audio/3911-delancey-street.mp3
Black American Legacy & Quaker Heritage,black-american-legacy-and-quaker-heritage,Christian Street YMCA,black-american-legacy-and-quaker-heritage-christian-street-ymca,"Pivotal site for Black intellectual life | Day: Day 3 | Time: Afternoon | Location: 1724 Christian St, Philadelphia, PA","1724 Christian St, Philadelphia, PA",39.93954,-75.17212,verified,40,/models/christian-street-ymca.glb,/audio/christian-street-ymca.mp3
Black American Legacy & Quaker Heritage,black-american-legacy-and-quaker-heritage,W.E.B. Du Bois College House,black-american-legacy-and-quaker-heritage-w-e-b-du-bois-college-house,"Exhibit on The Philadelphia Negro study | Day: Day 3 | Time: Evening | Location: 3900 Walnut St, Philadelphia, PA 19104","3900 Walnut St, Philadelphia, PA 19104",39.95337,-75.19844,verified,40,/models/w-e-b-du-bois-college-house.glb,/audio/w-e-b-du-bois-college-house.mp3
Black American Legacy & Quaker Heritage,black-american-legacy-and-quaker-heritage,Strawberry Mansion,black-american-legacy-and-quaker-heritage-strawberry-mansion,"Largest Federal-era mansion in Fairmount Park | Day: Day 4 | Time: Morning | Location: 2450 Strawberry Mansion Dr, Philadelphia, PA","2450 Strawberry Mansion Dr, Philadelphia, PA",39.98398,-75.19258,verified,40,/models/strawberry-mansion.glb,/audio/strawberry-mansion.mp3
Black American Legacy & Quaker Heritage,black-american-legacy-and-quaker-heritage,John Coltrane House,black-american-legacy-and-quaker-heritage-john-coltrane-house,"Home of legendary jazz musician | Day: Day 4 | Time: Afternoon | Location: 1511 N 33rd St, Philadelphia, PA","1511 N 33rd St, Philadelphia, PA",39.97723,-75.18855,verified,40,/models/john-coltrane-house.glb,/audio/john-coltrane-house.mp3
Black American Legacy & Quaker Heritage,black-american-legacy-and-quaker-heritage,Cecil B. Moore Avenue,black-american-legacy-and-quaker-heritage-cecil-b-moore-avenue,"Center of 1960s-70s Black Power era | Day: Day 4 | Time: Afternoon | Location: 1600 Cecil B. Moore Ave, Philadelphia, PA","1600 Cecil B. Moore Ave, Philadelphia, PA",39.9782,-75.1593,verified,40,/models/cecil-b-moore-avenue.glb,/audio/cecil-b-moore-avenue.mp3
Black American Legacy & Quaker Heritage,black-american-legacy-and-quaker-heritage,3200-3400 blocks Diamond & Susquehanna,black-american-legacy-and-quaker-heritage-3200-3400-blocks-diamond-and-susquehan,"Historic Doctor's Row townhouses | Day: Day 4 | Time: Afternoon | Location: 3300 N Broad St, Philadelphia, PA","3300 N Broad St, Philadelphia, PA",39.9996,-75.1549,verified,40,/models/3200-3400-blocks-diamond-and-susquehanna.glb,/audio/3200-3400-blocks-diamond-and-susquehanna.mp3
Black American Legacy & Quaker Heritage,black-american-legacy-and-quaker-heritage,Freedom Theatre,black-american-legacy-and-quaker-heritage-freedom-theatre,"Key cultural landmark | Day: Day 4 | Time: Afternoon | Location: 1346 N Broad St, Philadelphia, PA 19121","1346 N Broad St, Philadelphia, PA 19121",39.97376,-75.15927,verified,40,/models/freedom-theatre.glb,/audio/freedom-theatre.mp3
Black American Legacy & Quaker Heritage,black-american-legacy-and-quaker-heritage,Mount Pleasant,black-american-legacy-and-quaker-heritage-mount-pleasant,"Georgian masterpiece | Day: Day 4 | Time: Late Afternoon | Location: Mount Pleasant Dr, Fairmount Park, Philadelphia, PA","Mount Pleasant Dr, Fairmount Park, Philadelphia, PA",39.98479,-75.19125,verified,40,/models/mount-pleasant.glb,/audio/mount-pleasant.mp3
Black American Legacy & Quaker Heritage,black-american-legacy-and-quaker-heritage,Ormiston,black-american-legacy-and-quaker-heritage-ormiston,"Smallest Quaker-built Park mansion | Day: Day 4 | Time: Late Afternoon | Location: 3300 Reservoir Dr, Philadelphia, PA 19121","3300 Reservoir Dr, Philadelphia, PA 19121",39.98402,-75.19283,verified,40,/models/ormiston.glb,/audio/ormiston.mp3
Rainbow Girls Philadelphia,rainbow-girls-philadelphia,Masonic Temple,rainbow-girls-philadelphia-masonic-temple,"Rainbow Check-In & Tour - Seven lodge rooms, Rainbow jewels, 1922 charter | Day: Day 1 | Time: 9:00 AM | Location: 1 N Broad St, Philadelphia, PA","1 N Broad St, Philadelphia, PA",39.95472,-75.16353,verified,40,/models/masonic-temple.glb,/audio/masonic-temple.mp3
Rainbow Girls Philadelphia,rainbow-girls-philadelphia,Reading Terminal Market,rainbow-girls-philadelphia-reading-terminal-market,"Rainbow-Colored Lunch - color-themed food stations | Day: Day 1 | Time: 12:30 PM | Location: 1136 Arch St, Philadelphia, PA","1136 Arch St, Philadelphia, PA",39.9532,-75.15994,verified,40,/models/reading-terminal-market.glb,/audio/reading-terminal-market.mp3
Rainbow Girls Philadelphia,rainbow-girls-philadelphia,Covenant House PA,rainbow-girls-philadelphia-covenant-house-pa,"Service Project - Pack 150 hygiene kits | Day: Day 1 | Time: 2:00 PM | Location: 31 E Armat St, Philadelphia, PA","31 E Armat St, Philadelphia, PA",40.03362,-75.17121,verified,40,/models/covenant-house-pa.glb,/audio/covenant-house-pa.mp3
Rainbow Girls Philadelphia,rainbow-girls-philadelphia,Hard Rock Cafe,rainbow-girls-philadelphia-hard-rock-cafe,"Rainbow Friendship Dinner with karaoke | Day: Day 1 | Time: 6:00 PM | Location: 1119 Market St, Philadelphia, PA","1119 Market St, Philadelphia, PA",39.95072,-75.15952,verified,40,/models/hard-rock-cafe.glb,/audio/hard-rock-cafe.mp3
Rainbow Girls Philadelphia,rainbow-girls-philadelphia,Arch Street Presbyterian Church,rainbow-girls-philadelphia-arch-street-presbyterian-church,"Rainbow Worship Service | Day: Day 2 | Time: 8:45 AM | Location: 1724 Arch St, Philadelphia, PA","1724 Arch St, Philadelphia, PA",39.95743,-75.16853,verified,40,/models/arch-street-presbyterian-church.glb,/audio/arch-street-presbyterian-church.mp3
Rainbow Girls Philadelphia,rainbow-girls-philadelphia,Green Eggs Café,rainbow-girls-philadelphia-green-eggs-caf,"Colorful Brunch with rainbow bagels | Day: Day 2 | Time: 10:30 AM | Location: 33 S 18th St, Philadelphia, PA","33 S 18th St, Philadelphia, PA",39.95069,-75.17156,verified,40,/models/green-eggs-caf.glb,/audio/green-eggs-caf.mp3
Rainbow Girls Philadelphia,rainbow-girls-philadelphia,Please Touch Museum,rainbow-girls-philadelphia-please-touch-museum,"Rainbow Adventure - Imagination Playground | Day: Day 2 | Time: 12:00 PM | Location: Memorial Hall, Fairmount Park, Philadelphia, PA","Memorial Hall, Fairmount Park, Philadelphia, PA",39.98394,-75.20817,verified,40,/models/please-touch-museum.glb,/audio/please-touch-museum.mp3
Rainbow Girls Philadelphia,rainbow-girls-philadelphia,Shofuso Japanese House & Garden,rainbow-girls-philadelphia-shofuso-japanese-house-and-garden,"Walk the rainbow bridge | Day: Day 2 | Location: Fairmount Park, Philadelphia, PA","Fairmount Park, Philadelphia, PA",39.9813449,-75.212826,verified,40,/models/shofuso-japanese-house-and-garden.glb,/audio/shofuso-japanese-house-and-garden.mp3
Rainbow Girls Philadelphia,rainbow-girls-philadelphia,Smith Memorial Playground,rainbow-girls-philadelphia-smith-memorial-playground,"Giant wooden slide tradition | Day: Day 2 | Location: Fairmount Park, Philadelphia, PA","Fairmount Park, Philadelphia, PA",39.9815169,-75.1956359,verified,40,/models/smith-memorial-playground.glb,/audio/smith-memorial-playground.mp3
Rainbow Girls Philadelphia,rainbow-girls-philadelphia,Sweetbriar Mansion lawn,rainbow-girls-philadelphia-sweetbriar-mansion-lawn,"Closing Rainbow Ceremony with Pot of Gold | Day: Day 2 | Time: 3:30 PM | Location: Fairmount Park, Philadelphia, PA","Fairmount Park, Philadelphia, PA",39.99031,-75.20989,verified,40,/models/sweetbriar-mansion-lawn.glb,/audio/sweetbriar-mansion-lawn.mp3
Divine 9 Legacy Tour,divine-9-legacy-tour,Alpha Phi Alpha - 42nd & Chestnut,divine-9-legacy-tour-alpha-phi-alpha-42nd-and-chestnut,"First graduate chapter house in America (1922) | Day: Day 1 | Time: 9:00 AM | Location: 42nd & Chestnut St, Philadelphia, PA","42nd & Chestnut St, Philadelphia, PA",39.956112935564,-75.206126715359,verified,40,/models/alpha-phi-alpha-42nd-and-chestnut.glb,/audio/alpha-phi-alpha-42nd-and-chestnut.mp3
Divine 9 Legacy Tour,divine-9-legacy-tour,Delta Sigma Theta - 40th & Market,divine-9-legacy-tour-delta-sigma-theta-40th-and-market,"First public act marker, chartered 1920 | Day: Day 1 | Time: 10:30 AM | Location: 40th & Market St, Philadelphia, PA","40th & Market St, Philadelphia, PA",39.957147935208,-75.201955216617,verified,40,/models/delta-sigma-theta-40th-and-market.glb,/audio/delta-sigma-theta-40th-and-market.mp3
Divine 9 Legacy Tour,divine-9-legacy-tour,Kappa Alpha Psi - 44th & Chestnut,divine-9-legacy-tour-kappa-alpha-psi-44th-and-chestnut,"First graduate chapter in nation (1919) | Day: Day 1 | Time: 12:00 PM | Location: 44th & Chestnut St, Philadelphia, PA","44th & Chestnut St, Philadelphia, PA",39.956562935605,-75.209740214188,verified,40,/models/kappa-alpha-psi-44th-and-chestnut.glb,/audio/kappa-alpha-psi-44th-and-chestnut.mp3
Divine 9 Legacy Tour,divine-9-legacy-tour,Sigma Gamma Rho - 48th & Spruce,divine-9-legacy-tour-sigma-gamma-rho-48th-and-spruce,"First graduate chapter Rho Sigma (1929) | Day: Day 1 | Time: 2:30 PM | Location: 48th & Spruce St, Philadelphia, PA","48th & Spruce St, Philadelphia, PA",39.953610936493,-75.218132711711,verified,40,/models/sigma-gamma-rho-48th-and-spruce.glb,/audio/sigma-gamma-rho-48th-and-spruce.mp3
Divine 9 Legacy Tour,divine-9-legacy-tour,Alpha Kappa Alpha - Ivy Legacy,divine-9-legacy-tour-alpha-kappa-alpha-ivy-legacy,"First alumnae chapter (1918) | Day: Day 2 | Time: 9:00 AM | Location: 1824 South St, Philadelphia, PA","1824 South St, Philadelphia, PA",39.944436616003,-75.172339660864,verified,40,/models/alpha-kappa-alpha-ivy-legacy.glb,/audio/alpha-kappa-alpha-ivy-legacy.mp3
Divine 9 Legacy Tour,divine-9-legacy-tour,Zeta Phi Beta - 17th & Jefferson,divine-9-legacy-tour-zeta-phi-beta-17th-and-jefferson,"First graduate chapter (1925), now mural | Day: Day 2 | Time: 10:30 AM | Location: 17th & Jefferson St, Philadelphia, PA","17th & Jefferson St, Philadelphia, PA",39.976470929981,-75.163327227673,verified,40,/models/zeta-phi-beta-17th-and-jefferson.glb,/audio/zeta-phi-beta-17th-and-jefferson.mp3
Divine 9 Legacy Tour,divine-9-legacy-tour,Phi Beta Sigma - 44th & Market,divine-9-legacy-tour-phi-beta-sigma-44th-and-market,"First graduate chapter (1921) | Day: Day 2 | Time: 11:30 AM | Location: 44th & Market St, Philadelphia, PA","44th & Market St, Philadelphia, PA",39.958074935293,-75.209420714197,verified,40,/models/phi-beta-sigma-44th-and-market.glb,/audio/phi-beta-sigma-44th-and-market.mp3
Divine 9 Legacy Tour,divine-9-legacy-tour,Iota Phi Theta - Temple Greek Row,divine-9-legacy-tour-iota-phi-theta-temple-greek-row,"First chapter north of Baltimore (1972) | Day: Day 2 | Time: 2:30 PM | Location: 1900 N 13th St, Philadelphia, PA","1900 N 13th St, Philadelphia, PA",39.981469029184,-75.155126391124,verified,40,/models/iota-phi-theta-temple-greek-row.glb,/audio/iota-phi-theta-temple-greek-row.mp3
Black American Sports,black-american-sports,The Palestra,black-american-sports-the-palestra,"Cathedral of College Basketball, Wilt Chamberlain history | Day: 1 Day | Time: 9:00 AM | Location: 235 S 33rd St, Philadelphia, PA","235 S 33rd St, Philadelphia, PA",39.95196,-75.19106,verified,40,/models/the-palestra.glb,/audio/the-palestra.mp3
Black American Sports,black-american-sports,Allen Iverson's Hampton Park Courts,black-american-sports-allen-iverson-s-hampton-park-courts,"Where AI perfected his crossover, 2019 mural | Day: 1 Day | Time: 10:00 AM | Location: Master St & Hampton St, Philadelphia, PA","Master St & Hampton St, Philadelphia, PA",39.97781,-75.19236,verified,40,/models/allen-iverson-s-hampton-park-courts.glb,/audio/allen-iverson-s-hampton-park-courts.mp3
Black American Sports,black-american-sports,Joe Frazier's Gym (Cloverlay),black-american-sports-joe-frazier-s-gym-cloverlay,"Smokin' Joe's legendary training grounds | Day: 1 Day | Time: 11:00 AM | Location: 2917 N Broad St, Philadelphia, PA","2917 N Broad St, Philadelphia, PA",40.00203,-75.15244,verified,40,/models/joe-frazier-s-gym-cloverlay.glb,/audio/joe-frazier-s-gym-cloverlay.mp3
Black American Sports,black-american-sports,Maxie's Pizza,black-american-sports-maxie-s-pizza,"North Philly staple, Joe Frazier favorite | Day: 1 Day | Time: 12:00 PM | Location: 5500 Germantown Ave, Philadelphia, PA","5500 Germantown Ave, Philadelphia, PA",40.02909,-75.17342,verified,40,/models/maxie-s-pizza.glb,/audio/maxie-s-pizza.mp3
Black American Sports,black-american-sports,Dell Music Center,black-american-sports-dell-music-center,"Joe Louis Boxing Ring, 1940s-50s matches | Day: 1 Day | Time: 1:00 PM | Location: 2400 Strawberry Mansion Dr, Philadelphia, PA","2400 Strawberry Mansion Dr, Philadelphia, PA",39.98336,-75.1937,verified,40,/models/dell-music-center.glb,/audio/dell-music-center.mp3
Black American Sports,black-american-sports,Overbrook High School,black-american-sports-overbrook-high-school,"Wilt Chamberlain & Kobe Bryant's high school | Day: 1 Day | Time: 2:00 PM | Location: 5898 Lancaster Ave, Philadelphia, PA","5898 Lancaster Ave, Philadelphia, PA",39.96806,-75.23841,verified,40,/models/overbrook-high-school.glb,/audio/overbrook-high-school.mp3
Black American Sports,black-american-sports,Marian Anderson Rec Center,black-american-sports-marian-anderson-rec-center,"Dawn Staley's training grounds | Day: 1 Day | Time: 3:30 PM | Location: 740 S 17th St, Philadelphia, PA","740 S 17th St, Philadelphia, PA",39.94144,-75.17072,verified,40,/models/marian-anderson-rec-center.glb,/audio/marian-anderson-rec-center.mp3
Black American Sports,black-american-sports,Sonny Hill League @ Tustin,black-american-sports-sonny-hill-league-tustin,"Oldest summer basketball league (1968) | Day: 1 Day | Time: 4:30 PM | Location: 5900 W Columbia Ave, Philadelphia, PA","5900 W Columbia Ave, Philadelphia, PA",39.97645,-75.23756,verified,40,/models/sonny-hill-league-tustin.glb,/audio/sonny-hill-league-tustin.mp3
Black American Sports,black-american-sports,South Kitchen & Jazz Club,black-american-sports-south-kitchen-and-jazz-club,"Soul food dinner with live music | Day: 1 Day | Time: 6:00 PM | Location: 600 N Broad St, Philadelphia, PA","600 N Broad St, Philadelphia, PA",39.95864,-75.16053,verified,40,/models/south-kitchen-and-jazz-club.glb,/audio/south-kitchen-and-jazz-club.mp3
Black Inventors Tour,black-inventors-tour,Norbert Rillieux Way,black-inventors-tour-norbert-rillieux-way,"Sugar refining inventor, first Black Penn student (1830-32) | Day: 1 Day | Time: 9:00 AM | Location: 33rd & Walnut St, Philadelphia, PA","33rd & Walnut St, Philadelphia, PA",39.95282,-75.1903,verified,40,/models/norbert-rillieux-way.glb,/audio/norbert-rillieux-way.mp3
Black Inventors Tour,black-inventors-tour,Granville T. Woods Railway Site,black-inventors-tour-granville-t-woods-railway-site,"Black Edison, railway telegraph inventor (1887) | Day: 1 Day | Time: 10:00 AM | Location: Broad & Girard Ave, Philadelphia, PA","Broad & Girard Ave, Philadelphia, PA",39.97148,-75.15886,verified,40,/models/granville-t-woods-railway-site.glb,/audio/granville-t-woods-railway-site.mp3
Black Inventors Tour,black-inventors-tour,Sarah E. Goode House,black-inventors-tour-sarah-e-goode-house,"First Black woman patent holder (1885) | Day: 1 Day | Time: 11:00 AM | Location: 1724 South St, Philadelphia, PA","1724 South St, Philadelphia, PA",39.94273,-75.1716,verified,40,/models/sarah-e-goode-house.glb,/audio/sarah-e-goode-house.mp3
Black Inventors Tour,black-inventors-tour,Lewis Latimer Light Bulb Exhibit,black-inventors-tour-lewis-latimer-light-bulb-exhibit,"Carbon filament patent (1881) | Day: 1 Day | Time: 1:00 PM | Location: 15 S 7th St, Philadelphia, PA","15 S 7th St, Philadelphia, PA",39.94987,-75.15239,verified,40,/models/lewis-latimer-light-bulb-exhibit.glb,/audio/lewis-latimer-light-bulb-exhibit.mp3
Black Inventors Tour,black-inventors-tour,Frederick McKinley Jones Route,black-inventors-tour-frederick-mckinley-jones-route,"Portable refrigeration inventor (1940) | Day: 1 Day | Time: 2:30 PM | Location: 3400 E Ontario St, Philadelphia, PA","3400 E Ontario St, Philadelphia, PA",40.00452,-75.09137,verified,40,/models/frederick-mckinley-jones-route.glb,/audio/frederick-mckinley-jones-route.mp3
Black Inventors Tour,black-inventors-tour,Dr. Charles Drew Blood Bank,black-inventors-tour-dr-charles-drew-blood-bank,"Blood plasma storage pioneer (1940s) | Day: 1 Day | Time: 3:30 PM | Location: 800 Spruce St, Philadelphia, PA","800 Spruce St, Philadelphia, PA",39.94651,-75.15288,verified,40,/models/dr-charles-drew-blood-bank.glb,/audio/dr-charles-drew-blood-bank.mp3
Black Inventors Tour,black-inventors-tour,Garrett Morgan Traffic Signal,black-inventors-tour-garrett-morgan-traffic-signal,"Three-position traffic light inventor (1923) | Day: 1 Day | Time: 5:00 PM | Location: 13th & Market St, Philadelphia, PA","13th & Market St, Philadelphia, PA",39.95103,-75.16077,verified,40,/models/garrett-morgan-traffic-signal.glb,/audio/garrett-morgan-traffic-signal.mp3
Black Inventors Tour,black-inventors-tour,African American Museum,black-inventors-tour-african-american-museum,"Black Inventors Hall of Fame exhibit | Day: 1 Day | Time: 8:00 PM | Location: 701 Arch St, Philadelphia, PA 19106","701 Arch St, Philadelphia, PA 19106",39.95222,-75.14947,verified,40,/models/african-american-museum.glb,/audio/african-american-museum.mp3
Library Story Hop Tour,library-story-hop-tour,Library Company of Philadelphia,library-story-hop-tour-library-company-of-philadelphia,"1739 story of enslaved boy Othello granted reading privilege | Day: 1 Day | Time: 9:00 AM | Location: 1314 Locust St, Philadelphia, PA","1314 Locust St, Philadelphia, PA",39.94805,-75.16285,verified,40,/models/library-company-of-philadelphia.glb,/audio/library-company-of-philadelphia.mp3
Library Story Hop Tour,library-story-hop-tour,Athenaeum of Philadelphia,library-story-hop-tour-athenaeum-of-philadelphia,"Edgar Allan Poe carved initials (1843) | Day: 1 Day | Location: 219 S 6th St, Philadelphia, PA","219 S 6th St, Philadelphia, PA",39.946715009344,-75.15123784827,verified,40,/models/athenaeum-of-philadelphia.glb,/audio/athenaeum-of-philadelphia.mp3
Library Story Hop Tour,library-story-hop-tour,Free Library - Central Parkway,library-story-hop-tour-free-library-central-parkway,"Charles Dickens and Grip the raven inspiration | Day: 1 Day | Location: 1901 Vine St, Philadelphia, PA","1901 Vine St, Philadelphia, PA",39.959157790597,-75.17040431366,verified,40,/models/free-library-central-parkway.glb,/audio/free-library-central-parkway.mp3
Library Story Hop Tour,library-story-hop-tour,Rosenbach Museum & Library,library-story-hop-tour-rosenbach-museum-and-library,"Maurice Sendak and Winnie-the-Pooh toys | Day: 1 Day | Location: 2008 Delancey Pl, Philadelphia, PA","2008 Delancey Pl, Philadelphia, PA",39.947388912205,-75.17471860127,verified,40,/models/rosenbach-museum-and-library.glb,/audio/rosenbach-museum-and-library.mp3
Library Story Hop Tour,library-story-hop-tour,Historical Society of Pennsylvania,library-story-hop-tour-historical-society-of-pennsylvania,"Original Constitution draft with Jefferson's edit | Day: 1 Day | Location: 1300 Locust St, Philadelphia, PA","1300 Locust St, Philadelphia, PA",39.947885206323,-75.162446077311,verified,40,/models/historical-society-of-pennsylvania.glb,/audio/historical-society-of-pennsylvania.mp3
Library Story Hop Tour,library-story-hop-tour,Charles L. Blockson Collection,library-story-hop-tour-charles-l-blockson-collection,"Harriet Tubman's personal hymnbook | Day: 1 Day | Location: Sullivan Hall, Temple University, PA","Sullivan Hall, Temple University, PA",39.981367,-75.1561946,verified,40,/models/charles-l-blockson-collection.glb,/audio/charles-l-blockson-collection.mp3
Library Story Hop Tour,library-story-hop-tour,Parkway Central Children's Dept,library-story-hop-tour-parkway-central-children-s-dept,"Original Winnie-the-Pooh toys (40 years) | Day: 1 Day | Location: 1901 Vine St, Philadelphia, PA","1901 Vine St, Philadelphia, PA",39.959157790597,-75.17040431366,verified,40,/models/parkway-central-children-s-dept.glb,/audio/parkway-central-children-s-dept.mp3
Old York Road Corridor,old-york-road-corridor,Old York Road & North Broad,old-york-road-corridor-old-york-road-and-north-broad,"Colonial gateway, free Black laborers built milestones | Day: Morning | Time: 9:00 AM | Location: 6704 Old York Road, Philadelphia, PA","6704 Old York Road, Philadelphia, PA",40.054099719327,-75.1415888166,verified,40,/models/old-york-road-and-north-broad.glb,/audio/old-york-road-and-north-broad.mp3
Old York Road Corridor,old-york-road-corridor,Ogontz Theatre Site,old-york-road-corridor-ogontz-theatre-site,"Vaudeville palace for Black artists during segregation | Day: Morning | Time: 9:45 AM | Location: 6037 Ogontz Avenue, Philadelphia, PA","6037 Ogontz Avenue, Philadelphia, PA",40.04726302459,-75.150993075727,verified,40,/models/ogontz-theatre-site.glb,/audio/ogontz-theatre-site.mp3
Old York Road Corridor,old-york-road-corridor,Cecil B. Moore Law Office,old-york-road-corridor-cecil-b-moore-law-office,"Civil rights leader's law practice | Day: Morning | Time: 10:30 AM | Location: 7101 Ogontz Avenue, Philadelphia, PA","7101 Ogontz Avenue, Philadelphia, PA",40.062299380483,-75.151721055766,verified,40,/models/cecil-b-moore-law-office.glb,/audio/cecil-b-moore-law-office.mp3
Old York Road Corridor,old-york-road-corridor,Relish Restaurant,old-york-road-corridor-relish-restaurant,"Upscale soul food in historic mansion | Day: Lunch | Time: 12:00 PM | Location: 7152 Ogontz Avenue, Philadelphia, PA","7152 Ogontz Avenue, Philadelphia, PA",40.063297494417,-75.152580977181,verified,40,/models/relish-restaurant.glb,/audio/relish-restaurant.mp3
Old York Road Corridor,old-york-road-corridor,Happy Hollow Rec Center,old-york-road-corridor-happy-hollow-rec-center,"1967 race riots site, now community hub | Day: Afternoon | Time: 1:00 PM | Location: 5091 West Haines Street, Philadelphia, PA","5091 West Haines Street, Philadelphia, PA",40.0465,-75.177,verified,40,/models/happy-hollow-rec-center.glb,/audio/happy-hollow-rec-center.mp3
Old York Road Corridor,old-york-road-corridor,Johnson House Historic Site,old-york-road-corridor-johnson-house-historic-site,"Active Underground Railroad station | Day: Afternoon | Time: 2:00 PM | Location: 6306 Germantown Avenue, Philadelphia, PA","6306 Germantown Avenue, Philadelphia, PA",40.043414697068,-75.181116152631,verified,40,/models/johnson-house-historic-site.glb,/audio/johnson-house-historic-site.mp3
Old York Road Corridor,old-york-road-corridor,Cliveden Historic Site,old-york-road-corridor-cliveden-historic-site,"1777 Battle of Germantown, enslaved Africans' contributions | Day: Afternoon | Time: 3:00 PM | Location: 6401 Germantown Avenue, Philadelphia, PA","6401 Germantown Avenue, Philadelphia, PA",40.04597099227,-75.182161819444,verified,40,/models/cliveden-historic-site.glb,/audio/cliveden-historic-site.mp3
Old York Road Corridor,old-york-road-corridor,Germantown High School,old-york-road-corridor-germantown-high-school,"First integrated high school in Philly | Day: Late Afternoon | Time: 4:00 PM | Location: 2950 West School House Lane, Philadelphia, PA","2950 West School House Lane, Philadelphia, PA",40.024959254044,-75.183320092418,verified,40,/models/germantown-high-school.glb,/audio/germantown-high-school.mp3
Old York Road Corridor,old-york-road-corridor,Woodmere Art Museum,old-york-road-corridor-woodmere-art-museum,"We Speak: Black Artists exhibit | Day: Evening | Time: 5:00 PM | Location: 9201 Germantown Avenue, Philadelphia, PA","9201 Germantown Avenue, Philadelphia, PA",40.082166765075,-75.219813650213,verified,40,/models/woodmere-art-museum.glb,/audio/woodmere-art-museum.mp3
Old York Road Corridor,old-york-road-corridor,The Nile Restaurant & Lounge,old-york-road-corridor-the-nile-restaurant-and-lounge,"Vegan soul food, founded by Black Panthers | Day: Evening | Time: 6:30 PM | Location: 6008 Germantown Avenue, Philadelphia, PA","6008 Germantown Avenue, Philadelphia, PA",40.039439020352,-75.177880396133,verified,40,/models/the-nile-restaurant-and-lounge.glb,/audio/the-nile-restaurant-and-lounge.mp3
Black Medical Legacy,black-medical-legacy,Black Doctors Row,black-medical-legacy-black-doctors-row,"Philly's first Black Historic District (2022) | Day: Day 1 | Time: 9:00 AM | Location: 1724 Christian St, Philadelphia, PA","1724 Christian St, Philadelphia, PA",39.93954,-75.17212,verified,40,/models/black-doctors-row.glb,/audio/black-doctors-row.mp3
Black Medical Legacy,black-medical-legacy,Frederick Douglass Hospital,black-medical-legacy-frederick-douglass-hospital,"Founded 1895 by Dr. Nathan F. Mossell | Day: Day 1 | Time: 10:30 AM | Location: 1512 Lombard St, Philadelphia, PA","1512 Lombard St, Philadelphia, PA",39.944869295981,-75.167368249045,verified,40,/models/frederick-douglass-hospital.glb,/audio/frederick-douglass-hospital.mp3
Black Medical Legacy,black-medical-legacy,Mercy-Douglass Hospital,black-medical-legacy-mercy-douglass-hospital,"Merged 1948, served Black patients | Day: Day 1 | Time: 11:30 AM | Location: 5000 Woodland Ave, Philadelphia, PA","5000 Woodland Ave, Philadelphia, PA",39.94736,-75.21792,verified,40,/models/mercy-douglass-hospital.glb,/audio/mercy-douglass-hospital.mp3
Black Medical Legacy,black-medical-legacy,Dr. Virginia Alexander Clinic,black-medical-legacy-dr-virginia-alexander-clinic,"1930s Aspiranto Health Home, fought TB disparities | Day: Day 1 | Time: 1:30 PM | Location: 2104 W Jefferson St, Philadelphia, PA","2104 W Jefferson St, Philadelphia, PA",39.977278347644,-75.170057159918,verified,40,/models/dr-virginia-alexander-clinic.glb,/audio/dr-virginia-alexander-clinic.mp3
Black Medical Legacy,black-medical-legacy,Mercy Hospital Site,black-medical-legacy-mercy-hospital-site,"Pre-merger Black hospital (1907) | Day: Day 1 | Time: 2:30 PM | Location: 17th & Fitzwater St, Philadelphia, PA","17th & Fitzwater St, Philadelphia, PA",39.94339,-75.16938,verified,40,/models/mercy-hospital-site.glb,/audio/mercy-hospital-site.mp3
Black Medical Legacy,black-medical-legacy,Free African Society,black-medical-legacy-free-african-society,"Black nurses saved Philly in 1793 yellow fever epidemic | Day: Day 2 | Time: 9:00 AM | Location: 650 Lombard St, Philadelphia, PA","650 Lombard St, Philadelphia, PA",39.94396,-75.15096,verified,40,/models/free-african-society.glb,/audio/free-african-society.mp3
Black Medical Legacy,black-medical-legacy,Mother Bethel AME Church,black-medical-legacy-mother-bethel-ame-church,"Hub for Black nurses during epidemics | Day: Day 2 | Time: 10:30 AM | Location: 419 S. 6th St, Philadelphia, PA","419 S. 6th St, Philadelphia, PA",39.943334757651,-75.151977924141,verified,40,/models/mother-bethel-ame-church.glb,/audio/mother-bethel-ame-church.mp3
Black Medical Legacy,black-medical-legacy,Philadelphia General Hospital,black-medical-legacy-philadelphia-general-hospital,"Old Blockley, Black nurses training | Day: Day 2 | Time: 1:00 PM | Location: 3400 Civic Center Blvd, Philadelphia, PA","3400 Civic Center Blvd, Philadelphia, PA",39.948440359796,-75.192257508702,verified,40,/models/philadelphia-general-hospital.glb,/audio/philadelphia-general-hospital.mp3
Black Medical Legacy,black-medical-legacy,Mercy-Douglass Nurse Training,black-medical-legacy-mercy-douglass-nurse-training,"Graduated 1,000+ Black nurses (1920s-1960s) | Day: Day 2 | Time: 2:30 PM | Location: 5000 Woodland Ave, Philadelphia, PA","5000 Woodland Ave, Philadelphia, PA",39.94736,-75.21792,verified,40,/models/mercy-douglass-nurse-training.glb,/audio/mercy-douglass-nurse-training.mp3
Black Medical Legacy,black-medical-legacy,Barbara Bates Center,black-medical-legacy-barbara-bates-center,"Archives on Black nurses | Day: Day 2 | Time: 4:30 PM | Location: 418 Curie Blvd, Penn Nursing School, PA","418 Curie Blvd, Penn Nursing School, PA",39.947704823472,-75.198449879025,verified,40,/models/barbara-bates-center.glb,/audio/barbara-bates-center.mp3
Black Medical Legacy,black-medical-legacy,Holmesburg Prison,black-medical-legacy-holmesburg-prison,"Dr. Kligman unauthorized testing 1951-1974 | Day: Day 3 | Time: 9:00 AM | Location: 8215 Torresdale Ave, Philadelphia, PA","8215 Torresdale Ave, Philadelphia, PA",40.03715296261,-75.02141629538,verified,40,/models/holmesburg-prison.glb,/audio/holmesburg-prison.mp3
Black Medical Legacy,black-medical-legacy,City Almshouse,black-medical-legacy-city-almshouse,"1800s dissection without consent | Day: Day 3 | Time: 10:30 AM | Location: 34th & Spruce St, Philadelphia, PA","34th & Spruce St, Philadelphia, PA",39.94962,-75.19327,verified,40,/models/city-almshouse.glb,/audio/city-almshouse.mp3
Black Medical Legacy,black-medical-legacy,Pennsylvania Hospital,black-medical-legacy-pennsylvania-hospital,"Used enslaved bodies for anatomy (1760s-1800s) | Day: Day 3 | Time: 11:30 AM | Location: 800 Spruce St, Philadelphia, PA","800 Spruce St, Philadelphia, PA",39.945680181785,-75.154845554289,verified,40,/models/pennsylvania-hospital.glb,/audio/pennsylvania-hospital.mp3
Black Medical Legacy,black-medical-legacy,MOVE Bombing Sites,black-medical-legacy-move-bombing-sites,"1985 remains withheld and experimented on | Day: Day 3 | Time: 1:30 PM | Location: 6221 Osage Ave, Philadelphia, PA","6221 Osage Ave, Philadelphia, PA",39.955569337985,-75.24661904899,verified,40,/models/move-bombing-sites.glb,/audio/move-bombing-sites.mp3
Black Medical Legacy,black-medical-legacy,Yellow Fever Sites,black-medical-legacy-yellow-fever-sites,"1793 epidemic exploitation | Day: Day 3 | Time: 3:00 PM | Location: 1 N Front St, Philadelphia, PA","1 N Front St, Philadelphia, PA",39.95102,-75.14156,verified,40,/models/yellow-fever-sites.glb,/audio/yellow-fever-sites.mp3
Eastern Star Weekend,eastern-star-weekend,Masonic Temple,eastern-star-weekend-masonic-temple,"Private Eastern Star tour, jewels, robes | Day: Day 1 | Time: 10:00 AM | Location: 1 N Broad St, Philadelphia, PA","1 N Broad St, Philadelphia, PA",39.95472,-75.16353,verified,40,/models/masonic-temple.glb,/audio/masonic-temple.mp3
Eastern Star Weekend,eastern-star-weekend,SOUTH Kitchen & Jazz Club,eastern-star-weekend-south-kitchen-and-jazz-club,"Award-winning jazz brunch | Day: Day 1 | Time: 1:00 PM | Location: 600 N Broad St, Philadelphia, PA","600 N Broad St, Philadelphia, PA",39.95864,-75.16053,verified,40,/models/south-kitchen-and-jazz-club.glb,/audio/south-kitchen-and-jazz-club.mp3
Eastern Star Weekend,eastern-star-weekend,Prince Hall Grand Lodge,eastern-star-weekend-prince-hall-grand-lodge,"1929 Egyptian Revival building | Day: Day 1 | Time: 3:00 PM | Location: 4611 Lancaster Ave, Philadelphia, PA","4611 Lancaster Ave, Philadelphia, PA",39.96833,-75.21564,verified,40,/models/prince-hall-grand-lodge.glb,/audio/prince-hall-grand-lodge.mp3
Eastern Star Weekend,eastern-star-weekend,Most Worshipful Prince Hall OES,eastern-star-weekend-most-worshipful-prince-hall-oes,"Grand Chapter OES Temple | Day: Day 1 | Location: Prince Hall Grand Lodge complex, 4301 N Broad St, Philadelphia, PA","Prince Hall Grand Lodge complex, 4301 N Broad St, Philadelphia, PA",40.018547975624,-75.149142594173,verified,40,/models/most-worshipful-prince-hall-oes.glb,/audio/most-worshipful-prince-hall-oes.mp3
Eastern Star Weekend,eastern-star-weekend,Widow's Son Hall,eastern-star-weekend-widow-s-son-hall,"Early Black OES chapters home | Day: Day 1 | Location: 3427 Germantown Ave, Philadelphia, PA","3427 Germantown Ave, Philadelphia, PA",40.005123777034,-75.149468170854,verified,40,/models/widow-s-son-hall.glb,/audio/widow-s-son-hall.mp3
Eastern Star Weekend,eastern-star-weekend,Relish,eastern-star-weekend-relish,"Upscale soul food in mansion | Day: Day 1 | Time: 6:30 PM | Location: 7152 Ogontz Ave, Philadelphia, PA","7152 Ogontz Ave, Philadelphia, PA",40.05164,-75.14463,verified,40,/models/relish.glb,/audio/relish.mp3
Eastern Star Weekend,eastern-star-weekend,Mother Bethel AME Church,eastern-star-weekend-mother-bethel-ame-church,"Eastern Star Sunday worship | Day: Day 2 | Time: 9:00 AM | Location: 419 S 6th St, Philadelphia, PA","419 S 6th St, Philadelphia, PA",39.94255,-75.15006,verified,40,/models/mother-bethel-ame-church.glb,/audio/mother-bethel-ame-church.mp3
Eastern Star Weekend,eastern-star-weekend,The Breakfast Den,eastern-star-weekend-the-breakfast-den,"Black-woman owned brunch spot | Day: Day 2 | Time: 11:30 AM | Location: 1500 South St, Philadelphia, PA","1500 South St, Philadelphia, PA",39.94307,-75.16755,verified,40,/models/the-breakfast-den.glb,/audio/the-breakfast-den.mp3
Eastern Star Weekend,eastern-star-weekend,Robert H. Johnson Chapter No. 5,eastern-star-weekend-robert-h-johnson-chapter-no-5,"OES Memorial Marker | Day: Day 2 | Time: 1:30 PM | Location: 3822 Ridge Ave, Philadelphia, PA","3822 Ridge Ave, Philadelphia, PA",39.99918,-75.19836,verified,40,/models/robert-h-johnson-chapter-no-5.glb,/audio/robert-h-johnson-chapter-no-5.mp3
Eastern Star Weekend,eastern-star-weekend,Sweetbriar Mansion,eastern-star-weekend-sweetbriar-mansion,"Closing ceremony | Day: Day 2 | Location: Fairmount Park, Philadelphia, PA","Fairmount Park, Philadelphia, PA",39.9769768,-75.2008632,verified,40,/models/sweetbriar-mansion.glb,/audio/sweetbriar-mansion.mp3
Job's Daughters,job-s-daughters,Masonic Temple,job-s-daughters-masonic-temple,"First Bethel tour - Egyptian Hall initiation site (1921) | Day: Day 1 | Time: 9:15 AM | Location: 1 N Broad St, Philadelphia, PA","1 N Broad St, Philadelphia, PA",39.95472,-75.16353,verified,40,/models/masonic-temple.glb,/audio/masonic-temple.mp3
Job's Daughters,job-s-daughters,Reading Terminal Market,job-s-daughters-reading-terminal-market,"Lunch with purple lemonade | Day: Day 1 | Time: 12:30 PM | Location: 1136 Arch St, Philadelphia, PA","1136 Arch St, Philadelphia, PA",39.9532,-75.15994,verified,40,/models/reading-terminal-market.glb,/audio/reading-terminal-market.mp3
Job's Daughters,job-s-daughters,Original Bethel No. 1 Hall,job-s-daughters-original-bethel-no-1-hall,"1921-1930s meeting hall site | Day: Day 1 | Time: 2:00 PM | Location: 13th & Arch St, Philadelphia, PA","13th & Arch St, Philadelphia, PA",39.95414193433,-75.161009729765,verified,40,/models/original-bethel-no-1-hall.glb,/audio/original-bethel-no-1-hall.mp3
Job's Daughters,job-s-daughters,Arch Street United Methodist,job-s-daughters-arch-street-united-methodist,"Historical installation site | Day: Day 1 | Location: 55 N Broad St, Philadelphia, PA","55 N Broad St, Philadelphia, PA",39.953650538487,-75.163178596547,verified,40,/models/arch-street-united-methodist.glb,/audio/arch-street-united-methodist.mp3
Job's Daughters,job-s-daughters,Free Quaker Meeting House,job-s-daughters-free-quaker-meeting-house,"Job's daughters during Revolution lesson | Day: Day 1 | Location: 5th & Arch St, Philadelphia, PA","5th & Arch St, Philadelphia, PA",39.95257593419,-75.14847273383,verified,40,/models/free-quaker-meeting-house.glb,/audio/free-quaker-meeting-house.mp3
Job's Daughters,job-s-daughters,Crystal Tea Room,job-s-daughters-crystal-tea-room,"Purple & White Gala Dinner | Day: Day 1 | Time: 6:00 PM | Location: 100 E Penn Square, Philadelphia, PA","100 E Penn Square, Philadelphia, PA",39.95176,-75.16373,verified,40,/models/crystal-tea-room.glb,/audio/crystal-tea-room.mp3
Job's Daughters,job-s-daughters,Christ Church,job-s-daughters-christ-church,"Bethel Worship Service | Day: Day 2 | Time: 9:00 AM | Location: 2nd & Market St, Philadelphia, PA","2nd & Market St, Philadelphia, PA",39.949929934546,-75.14373873549,verified,40,/models/christ-church.glb,/audio/christ-church.mp3
Job's Daughters,job-s-daughters,Green Eggs Café,job-s-daughters-green-eggs-caf,"Brunch with purple ube lattes | Day: Day 2 | Time: 10:45 AM | Location: 1306 Dickinson St, Philadelphia, PA","1306 Dickinson St, Philadelphia, PA",39.93548,-75.16569,verified,40,/models/green-eggs-caf.glb,/audio/green-eggs-caf.mp3
Job's Daughters,job-s-daughters,Sweetbriar Mansion,job-s-daughters-sweetbriar-mansion,"Closing ceremony with purple roses | Day: Day 2 | Time: 12:30 PM | Location: Fairmount Park, Philadelphia, PA","Fairmount Park, Philadelphia, PA",39.99031,-75.20989,verified,40,/models/sweetbriar-mansion.glb,/audio/sweetbriar-mansion.mp3
Masonic Scavenger Hunt,masonic-scavenger-hunt,Masonic Temple,masonic-scavenger-hunt-masonic-temple,"The Temple That Watched City Hall Rise | Day: 1 Day | Time: Start | Location: 1 N Broad St, Philadelphia, PA","1 N Broad St, Philadelphia, PA",39.95472,-75.16353,verified,40,/models/masonic-temple.glb,/audio/masonic-temple.mp3
Masonic Scavenger Hunt,masonic-scavenger-hunt,Prince Hall Grand Lodge,masonic-scavenger-hunt-prince-hall-grand-lodge,"Prince Hall's 1920s Egyptian Fortress | Day: 1 Day | Location: 4301 N Broad St, Philadelphia, PA","4301 N Broad St, Philadelphia, PA",40.018547975624,-75.149142594173,verified,40,/models/prince-hall-grand-lodge.glb,/audio/prince-hall-grand-lodge.mp3
Masonic Scavenger Hunt,masonic-scavenger-hunt,Pennsylvania Hospital,masonic-scavenger-hunt-pennsylvania-hospital,"Hospital Gate With Oldest Masonic Mark | Day: 1 Day | Location: 8th & Spruce St, Philadelphia, PA","8th & Spruce St, Philadelphia, PA",39.945726935777,-75.154759232255,verified,40,/models/pennsylvania-hospital.glb,/audio/pennsylvania-hospital.mp3
Masonic Scavenger Hunt,masonic-scavenger-hunt,City Hall,masonic-scavenger-hunt-city-hall,"Compass & Square on Penn's Hat | Day: 1 Day | Location: Broad & Market St, Philadelphia, PA","Broad & Market St, Philadelphia, PA",41.353497862638,-80.082856086557,verified,40,/models/city-hall.glb,/audio/city-hall.mp3
Black Architects Tour,black-architects-tour,Philadelphia Museum of Art,black-architects-tour-philadelphia-museum-of-art,"Julian Abele design (1916-1928) | Day: Day 1 | Time: 9:00 AM | Location: 2600 Benjamin Franklin Pkwy, Philadelphia, PA","2600 Benjamin Franklin Pkwy, Philadelphia, PA",39.96559,-75.18099,verified,40,/models/philadelphia-museum-of-art.glb,/audio/philadelphia-museum-of-art.mp3
Black Architects Tour,black-architects-tour,Free Library Central,black-architects-tour-free-library-central,"Abele's grand staircase and rotunda (1917-1927) | Day: Day 1 | Time: 10:30 AM | Location: 1901 Vine St, Philadelphia, PA","1901 Vine St, Philadelphia, PA",39.95833,-75.17,verified,40,/models/free-library-central.glb,/audio/free-library-central.mp3
Black Architects Tour,black-architects-tour,Penn Campus - Fisher Library,black-architects-tour-penn-campus-fisher-library,"Abele's Gothic masterpiece (1891/1911) | Day: Day 1 | Time: 1:30 PM | Location: 220 S 34th St, Philadelphia, PA","220 S 34th St, Philadelphia, PA",39.95224,-75.19339,verified,40,/models/penn-campus-fisher-library.glb,/audio/penn-campus-fisher-library.mp3
Black Architects Tour,black-architects-tour,Irvine Auditorium,black-architects-tour-irvine-auditorium,"Abele's neo-Gothic concert hall (1925-1931) | Day: Day 1 | Location: 3401 Spruce St, Philadelphia, PA","3401 Spruce St, Philadelphia, PA",39.950508705953,-75.192647957851,verified,40,/models/irvine-auditorium.glb,/audio/irvine-auditorium.mp3
Black Architects Tour,black-architects-tour,Union League,black-architects-tour-union-league,"Abele's Renaissance Revival additions (1909-1911) | Day: Day 1 | Time: 3:30 PM | Location: 140 S Broad St, Philadelphia, PA","140 S Broad St, Philadelphia, PA",39.94948,-75.16454,verified,40,/models/union-league.glb,/audio/union-league.mp3
Black Architects Tour,black-architects-tour,Berean Savings & Loan,black-architects-tour-berean-savings-and-loan,"Walter Livingston Jr. Brutalist design (1972) | Day: Day 2 | Time: 9:30 AM | Location: 5419 W. Girard Ave, Philadelphia, PA","5419 W. Girard Ave, Philadelphia, PA",39.971083097331,-75.229452069444,verified,40,/models/berean-savings-and-loan.glb,/audio/berean-savings-and-loan.mp3
Black Architects Tour,black-architects-tour,Zion Baptist Church,black-architects-tour-zion-baptist-church,"Livingston's 1970s modernist sanctuary | Day: Day 2 | Time: 11:00 AM | Location: 3600 N Broad St, Philadelphia, PA","3600 N Broad St, Philadelphia, PA",40.00649,-75.15179,verified,40,/models/zion-baptist-church.glb,/audio/zion-baptist-church.mp3
Black Architects Tour,black-architects-tour,African American Museum,black-architects-tour-african-american-museum,"Theodore Cam Jr. design (1976) | Day: Day 2 | Time: 2:00 PM | Location: 701 Arch St, Philadelphia, PA 19106","701 Arch St, Philadelphia, PA 19106",39.95222,-75.14947,verified,40,/models/african-american-museum.glb,/audio/african-american-museum.mp3
Black Architects Tour,black-architects-tour,Progress Plaza,black-architects-tour-progress-plaza,"Louis de Moll, first Black-owned shopping center (1968) | Day: Day 2 | Time: 3:30 PM | Location: 1501 N Broad St, Philadelphia, PA","1501 N Broad St, Philadelphia, PA",39.97529,-75.15924,verified,40,/models/progress-plaza.glb,/audio/progress-plaza.mp3
Black Architects Tour,black-architects-tour,Philadanco Building,black-architects-tour-philadanco-building,"Joan Myers Brown, first Black woman major arts facility | Day: Day 2 | Time: 5:00 PM | Location: 1735 Market St, Philadelphia, PA","1735 Market St, Philadelphia, PA",39.95364,-75.16867,verified,40,/models/philadanco-building.glb,/audio/philadanco-building.mp3
SEPTA Broad Street Line,septa-broad-street-line,Olney Black History Markers,septa-broad-street-line-olney-black-history-markers,"Black WWII veterans plaques | Day: Part 1 | Location: 5th St & Olney Ave, Philadelphia, PA","5th St & Olney Ave, Philadelphia, PA",40.03436,-75.12988,verified,40,/models/olney-black-history-markers.glb,/audio/olney-black-history-markers.mp3
SEPTA Broad Street Line,septa-broad-street-line,Hunting Park Centers,septa-broad-street-line-hunting-park-centers,"Early Black mutual aid societies | Day: Part 1 | Location: Broad St & Hunting Park Ave, Philadelphia, PA","Broad St & Hunting Park Ave, Philadelphia, PA",40.01484,-75.15296,verified,40,/models/hunting-park-centers.glb,/audio/hunting-park-centers.mp3
SEPTA Broad Street Line,septa-broad-street-line,Wyoming Ave Business District,septa-broad-street-line-wyoming-ave-business-district,"1920s Black entrepreneurs corridor | Day: Part 1 | Location: Wyoming Ave, Philadelphia, PA","Wyoming Ave, Philadelphia, PA",40.02647,-75.14532,verified,40,/models/wyoming-ave-business-district.glb,/audio/wyoming-ave-business-district.mp3
SEPTA Broad Street Line,septa-broad-street-line,North Philly Black Metropolis,septa-broad-street-line-north-philly-black-metropolis,"Historic zone for Black commerce | Day: Part 1 | Location: Susquehanna-Dauphin area, Philadelphia, PA","Susquehanna-Dauphin area, Philadelphia, PA",39.99262,-75.15504,verified,40,/models/north-philly-black-metropolis.glb,/audio/north-philly-black-metropolis.mp3
SEPTA Broad Street Line,septa-broad-street-line,Erie Avenue Cultural Corridor,septa-broad-street-line-erie-avenue-cultural-corridor,"1940s jazz clubs, Coltrane influence | Day: Part 1 | Location: Erie Ave, Philadelphia, PA","Erie Ave, Philadelphia, PA",40.0066,-75.118,verified,40,/models/erie-avenue-cultural-corridor.glb,/audio/erie-avenue-cultural-corridor.mp3
SEPTA Broad Street Line,septa-broad-street-line,Cecil B. Moore Mural,septa-broad-street-line-cecil-b-moore-mural,"NAACP leader, voting rights | Day: Part 2 | Location: Cecil B Moore Ave, Philadelphia, PA","Cecil B Moore Ave, Philadelphia, PA",39.9782,-75.1593,verified,40,/models/cecil-b-moore-mural.glb,/audio/cecil-b-moore-mural.mp3
SEPTA Broad Street Line,septa-broad-street-line,Lehigh Black Labor Sites,septa-broad-street-line-lehigh-black-labor-sites,"Factories where Black workers unionized | Day: Part 2 | Location: Lehigh Ave, Philadelphia, PA","Lehigh Ave, Philadelphia, PA",39.994,-75.16,verified,40,/models/lehigh-black-labor-sites.glb,/audio/lehigh-black-labor-sites.mp3
SEPTA Broad Street Line,septa-broad-street-line,Rockland Black Churches,septa-broad-street-line-rockland-black-churches,"AME-affiliated churches cluster | Day: Part 2 | Location: Rockland St, Philadelphia, PA","Rockland St, Philadelphia, PA",40.03954,-75.13512,verified,40,/models/rockland-black-churches.glb,/audio/rockland-black-churches.mp3
SEPTA Broad Street Line,septa-broad-street-line,Berks Street Arts District,septa-broad-street-line-berks-street-arts-district,"1950s Black poets and painters hub | Day: Part 2 | Location: Berks St, Philadelphia, PA","Berks St, Philadelphia, PA",39.98195,-75.14685,verified,40,/models/berks-street-arts-district.glb,/audio/berks-street-arts-district.mp3
SEPTA Broad Street Line,septa-broad-street-line,Divine Lorraine Hotel,septa-broad-street-line-divine-lorraine-hotel,"Nation's first racially integrated hotel | Day: Part 2 | Location: Race-Vine area, Philadelphia, PA","Race-Vine area, Philadelphia, PA",39.9667237,-75.1600903,verified,40,/models/divine-lorraine-hotel.glb,/audio/divine-lorraine-hotel.mp3
SEPTA Broad Street Line,septa-broad-street-line,William Still Marker,septa-broad-street-line-william-still-marker,"Father of the Underground Railroad | Day: Part 3 | Location: 244 S 12th St, Philadelphia, PA","244 S 12th St, Philadelphia, PA",39.947151326964,-75.160995212827,verified,40,/models/william-still-marker.glb,/audio/william-still-marker.mp3
SEPTA Broad Street Line,septa-broad-street-line,Julian Abele Sites,septa-broad-street-line-julian-abele-sites,"First Black UPenn architect | Day: Part 3 | Location: Walnut-Locust area, Philadelphia, PA","Walnut-Locust area, Philadelphia, PA",39.9493,-75.1645,verified,40,/models/julian-abele-sites.glb,/audio/julian-abele-sites.mp3
SEPTA Broad Street Line,septa-broad-street-line,First African Baptist Church,septa-broad-street-line-first-african-baptist-church,"Key abolition site | Day: Part 3 | Location: Lombard-South area, PA","Lombard-South area, PA",39.9401269,-75.1698384,verified,40,/models/first-african-baptist-church.glb,/audio/first-african-baptist-church.mp3
SEPTA Broad Street Line,septa-broad-street-line,Aces Museum Black WWII Veterans,septa-broad-street-line-aces-museum-black-wwii-veterans,"Philly's Black troops artifacts | Day: Part 3 | Location: 5801 Germantown Ave, Philadelphia, PA","5801 Germantown Ave, Philadelphia, PA",40.036849627915,-75.175596081946,verified,40,/models/aces-museum-black-wwii-veterans.glb,/audio/aces-museum-black-wwii-veterans.mp3
Philadelphia Foundations,philadelphia-foundations,Fair Hill Burial Ground,philadelphia-foundations-fair-hill-burial-ground,"Quaker site (1703), Lucretia Mott, Robert Purvis | Day: Day 1 | Time: Morning | Location: 2901 Germantown Ave, Philadelphia, PA","2901 Germantown Ave, Philadelphia, PA",39.99569,-75.15044,verified,40,/models/fair-hill-burial-ground.glb,/audio/fair-hill-burial-ground.mp3
Philadelphia Foundations,philadelphia-foundations,Harriet Tubman Mural,philadelphia-foundations-harriet-tubman-mural,"AR overlay with coded signals | Day: Day 1 | Time: Morning | Location: 2900 Germantown Ave, Philadelphia, PA","2900 Germantown Ave, Philadelphia, PA",39.99552,-75.15028,verified,40,/models/harriet-tubman-mural.glb,/audio/harriet-tubman-mural.mp3
Philadelphia Foundations,philadelphia-foundations,Belmont Mansion,philadelphia-foundations-belmont-mansion,"1742 estate, Underground Railroad sanctuary | Day: Day 1 | Time: Afternoon | Location: 2000 Belmont Mansion Dr, Philadelphia, PA","2000 Belmont Mansion Dr, Philadelphia, PA",39.98363,-75.19103,verified,40,/models/belmont-mansion.glb,/audio/belmont-mansion.mp3
Philadelphia Foundations,philadelphia-foundations,Johnson House,philadelphia-foundations-johnson-house,"Philly's only intact Underground Railroad station | Day: Day 2 | Time: Morning | Location: 6306 Germantown Ave, Philadelphia, PA","6306 Germantown Ave, Philadelphia, PA",40.04363,-75.17759,verified,40,/models/johnson-house.glb,/audio/johnson-house.mp3
Philadelphia Foundations,philadelphia-foundations,Ebenezer Maxwell Mansion,philadelphia-foundations-ebenezer-maxwell-mansion,"Victorian abolition network hub | Day: Day 2 | Time: Afternoon | Location: 200 W Tulpehocken St, Philadelphia, PA","200 W Tulpehocken St, Philadelphia, PA",40.03521,-75.18642,verified,40,/models/ebenezer-maxwell-mansion.glb,/audio/ebenezer-maxwell-mansion.mp3
Philadelphia Foundations,philadelphia-foundations,Cliveden,philadelphia-foundations-cliveden,"Underground Railroad role | Day: Day 2 | Time: Afternoon | Location: 6401 Germantown Ave, Philadelphia, PA","6401 Germantown Ave, Philadelphia, PA",40.04492,-75.17806,verified,40,/models/cliveden.glb,/audio/cliveden.mp3
MOVE Bombing Memorial,move-bombing-memorial,Municipal Services Building,move-bombing-memorial-municipal-services-building,"Remembering MOVE exhibit, Commission testimonies | Day: 1 Day | Time: 9:00 AM | Location: 1401 JFK Blvd, Philadelphia, PA","1401 JFK Blvd, Philadelphia, PA",39.95484,-75.16516,verified,40,/models/municipal-services-building.glb,/audio/municipal-services-building.mp3
MOVE Bombing Memorial,move-bombing-memorial,Powelton Village,move-bombing-memorial-powelton-village,"MOVE's first stronghold (1973-1978) | Day: 1 Day | Time: 11:00 AM | Location: 311 N 33rd St, Philadelphia, PA","311 N 33rd St, Philadelphia, PA",39.96019,-75.19006,verified,40,/models/powelton-village.glb,/audio/powelton-village.mp3
MOVE Bombing Memorial,move-bombing-memorial,Chef Curt's BBQ,move-bombing-memorial-chef-curt-s-bbq,"Community lunch, owner stories | Day: Chef Curt's BBQ | Time: 12:00 PM | Location: near 62nd & Market St, Philadelphia, PA","near 62nd & Market St, Philadelphia, PA",39.962448935698,-75.244709702759,verified,40,/models/chef-curt-s-bbq.glb,/audio/chef-curt-s-bbq.mp3
MOVE Bombing Memorial,move-bombing-memorial,Osage Avenue,move-bombing-memorial-osage-avenue,"Bomb site, 11 victims memorial | Day: 1 Day | Time: 2:00 PM | Location: 6221 Osage Ave, Philadelphia, PA","6221 Osage Ave, Philadelphia, PA",39.96069,-75.24362,verified,40,/models/osage-avenue.glb,/audio/osage-avenue.mp3
MOVE Bombing Memorial,move-bombing-memorial,Cobbs Creek Park,move-bombing-memorial-cobbs-creek-park,"Where firefighters let it burn | Day: 1 Day | Time: 3:30 PM | Location: 63rd & Vine St, Philadelphia, PA","63rd & Vine St, Philadelphia, PA",39.96591,-75.24156,verified,40,/models/cobbs-creek-park.glb,/audio/cobbs-creek-park.mp3
MOVE Bombing Memorial,move-bombing-memorial,African American Museum,move-bombing-memorial-african-american-museum,"Medical Apartheid exhibit, healing panels | Day: 1 Day | Time: 5:15 PM | Location: 701 Arch St, Philadelphia, PA 19106","701 Arch St, Philadelphia, PA 19106",39.95222,-75.14947,verified,40,/models/african-american-museum.glb,/audio/african-american-museum.mp3
Philly Black Art Odyssey,philly-black-art-odyssey,African American Museum,philly-black-art-odyssey-african-american-museum,"CCH Pounder collection, African diaspora art | Day: Day 1 | Time: 9:00 AM | Location: 701 Arch St, Philadelphia, PA 19106","701 Arch St, Philadelphia, PA 19106",39.953010995469,-75.151598440748,verified,40,/models/african-american-museum.glb,/audio/african-american-museum.mp3
Philly Black Art Odyssey,philly-black-art-odyssey,Philadelphia Museum of Art,philly-black-art-odyssey-philadelphia-museum-of-art,"Time is Always Now - 60 works by 28 artists | Day: Day 1 | Time: 11:30 AM | Location: 2600 Benjamin Franklin Pkwy, Philadelphia, PA","2600 Benjamin Franklin Pkwy, Philadelphia, PA",39.96559,-75.18099,verified,40,/models/philadelphia-museum-of-art.glb,/audio/philadelphia-museum-of-art.mp3
Philly Black Art Odyssey,philly-black-art-odyssey,Barnes Foundation,philly-black-art-odyssey-barnes-foundation,"African masks, Mickalene Thomas exhibit | Day: Day 1 | Time: 3:00 PM | Location: 2025 Benjamin Franklin Pkwy, Philadelphia, PA","2025 Benjamin Franklin Pkwy, Philadelphia, PA",39.96057,-75.17272,verified,40,/models/barnes-foundation.glb,/audio/barnes-foundation.mp3
Philly Black Art Odyssey,philly-black-art-odyssey,Woodmere Art Museum,philly-black-art-odyssey-woodmere-art-museum,"We Speak exhibit - 70 works, 1920s-1970s | Day: Day 1 | Time: Evening | Location: 9201 Germantown Ave, Philadelphia, PA","9201 Germantown Ave, Philadelphia, PA",40.07774,-75.20678,verified,40,/models/woodmere-art-museum.glb,/audio/woodmere-art-museum.mp3
Philly Black Art Odyssey,philly-black-art-odyssey,Brandywine Workshop,philly-black-art-odyssey-brandywine-workshop,"Elizabeth Catlett lithographs, prints | Day: Day 2 | Time: 10:00 AM | Location: 1520 Sansom St, Philadelphia, PA","1520 Sansom St, Philadelphia, PA",39.95008,-75.16667,verified,40,/models/brandywine-workshop.glb,/audio/brandywine-workshop.mp3
Philly Black Art Odyssey,philly-black-art-odyssey,October Gallery,philly-black-art-odyssey-october-gallery,"Emerging Black artists, mixed media | Day: Day 2 | Time: 11:30 AM | Location: 2101 N Front St, Philadelphia, PA","2101 N Front St, Philadelphia, PA",39.98133,-75.13358,verified,40,/models/october-gallery.glb,/audio/october-gallery.mp3
Philly Black Art Odyssey,philly-black-art-odyssey,PA Academy Fine Arts,philly-black-art-odyssey-pa-academy-fine-arts,"Kehinde Wiley, Nick Cave, Mickalene Thomas | Day: Day 2 | Time: 2:30 PM | Location: 128 N Broad St, Philadelphia, PA 19102","128 N Broad St, Philadelphia, PA 19102",39.95589,-75.16382,verified,40,/models/pa-academy-fine-arts.glb,/audio/pa-academy-fine-arts.mp3
Philly Black Art Odyssey,philly-black-art-odyssey,Moody Jones Gallery,philly-black-art-odyssey-moody-jones-gallery,"New and emerging Black artists | Day: Day 2 | Time: 5:00 PM | Location: 107 S Easton Rd, Glenside, PA","107 S Easton Rd, Glenside, PA",40.10091,-75.15227,verified,40,/models/moody-jones-gallery.glb,/audio/moody-jones-gallery.mp3
Philly Black Art Odyssey,philly-black-art-odyssey,Mural Arts Tour,philly-black-art-odyssey-mural-arts-tour,"Black Be Beautiful, Cecil B. Moore murals | Day: Day 3 | Time: 9:00 AM | Location: 1729 Mt Vernon St, Philadelphia, PA","1729 Mt Vernon St, Philadelphia, PA",39.96171,-75.16811,verified,40,/models/mural-arts-tour.glb,/audio/mural-arts-tour.mp3
Philly Black Art Odyssey,philly-black-art-odyssey,Public Sculptures,philly-black-art-odyssey-public-sculptures,"Octavius Catto, Tuskegee Airmen, Keith Haring murals | Day: Day 3 | Time: 2:30 PM | Location: Center City, Philadelphia, PA","Center City, Philadelphia, PA",39.9526,-75.1652,verified,40,/models/public-sculptures.glb,/audio/public-sculptures.mp3
College Hop Tour,college-hop-tour,University of Pennsylvania,college-hop-tour-university-of-pennsylvania,"Ivy League campus, Fisher Library, College Hall | Day: Day 1 | Time: 9:00 AM | Location: Locust Walk, Philadelphia, PA","Locust Walk, Philadelphia, PA",39.95222,-75.19321,verified,40,/models/university-of-pennsylvania.glb,/audio/university-of-pennsylvania.mp3
College Hop Tour,college-hop-tour,Drexel University,college-hop-tour-drexel-university,"Mario the Dragon statue, Health Sciences Building | Day: Day 1 | Time: 11:00 AM | Location: Market St, Philadelphia, PA","Market St, Philadelphia, PA",39.95661,-75.18994,verified,40,/models/drexel-university.glb,/audio/drexel-university.mp3
College Hop Tour,college-hop-tour,Thomas Jefferson University,college-hop-tour-thomas-jefferson-university,"100-acre wooded campus, fashion studios | Day: Day 1 | Time: 3:30 PM | Location: 4201 Henry Ave, Philadelphia, PA","4201 Henry Ave, Philadelphia, PA",40.02247,-75.22345,verified,40,/models/thomas-jefferson-university.glb,/audio/thomas-jefferson-university.mp3
College Hop Tour,college-hop-tour,Temple University,college-hop-tour-temple-university,"Bell Tower, Diamond Band, 30+ murals | Day: Day 2 | Time: 9:00 AM | Location: 1801 N Broad St, Philadelphia, PA","1801 N Broad St, Philadelphia, PA",39.9812,-75.155,verified,40,/models/temple-university.glb,/audio/temple-university.mp3
College Hop Tour,college-hop-tour,La Salle University,college-hop-tour-la-salle-university,"1930s Collegiate Gothic, De La Salle chapel | Day: Day 2 | Time: 11:30 AM | Location: 1900 W Olney Ave, Philadelphia, PA","1900 W Olney Ave, Philadelphia, PA",40.03646,-75.15477,verified,40,/models/la-salle-university.glb,/audio/la-salle-university.mp3
College Hop Tour,college-hop-tour,Chestnut Hill College,college-hop-tour-chestnut-hill-college,"1920s castle campus on hill | Day: Day 2 | Time: 2:30 PM | Location: 9601 Germantown Ave, Philadelphia, PA","9601 Germantown Ave, Philadelphia, PA",40.08653,-75.20464,verified,40,/models/chestnut-hill-college.glb,/audio/chestnut-hill-college.mp3
College Hop Tour,college-hop-tour,Saint Joseph's University,college-hop-tour-saint-joseph-s-university,"Hawk Hill, Barbelin Tower | Day: Day 2 | Time: 4:30 PM | Location: 5600 City Ave, Philadelphia, PA","5600 City Ave, Philadelphia, PA",39.99467,-75.23712,verified,40,/models/saint-joseph-s-university.glb,/audio/saint-joseph-s-university.mp3
College Hop Tour,college-hop-tour,University of the Arts,college-hop-tour-university-of-the-arts,"Terra Hall, dance/music rehearsals | Day: Day 3 | Time: 9:30 AM | Location: Broad St, Philadelphia, PA","Broad St, Philadelphia, PA",39.94791,-75.16473,verified,40,/models/university-of-the-arts.glb,/audio/university-of-the-arts.mp3
College Hop Tour,college-hop-tour,Curtis Institute of Music,college-hop-tour-curtis-institute-of-music,"Free student recitals, world-class classical | Day: Day 3 | Time: 11:00 AM | Location: 1726 Locust St, Philadelphia, PA","1726 Locust St, Philadelphia, PA",39.94947,-75.16903,verified,40,/models/curtis-institute-of-music.glb,/audio/curtis-institute-of-music.mp3
College Hop Tour,college-hop-tour,Community College of Philly,college-hop-tour-community-college-of-philly,"Rooftop garden, Career & Tech Center | Day: Day 3 | Time: 1:00 PM | Location: 1700 Spring Garden St, Philadelphia, PA","1700 Spring Garden St, Philadelphia, PA",39.96075,-75.16652,verified,40,/models/community-college-of-philly.glb,/audio/community-college-of-philly.mp3
College Hop Tour,college-hop-tour,PA Academy of Fine Arts,college-hop-tour-pa-academy-of-fine-arts,"Historic cast collection, student galleries | Day: Day 3 | Time: 3:30 PM | Location: 128 N Broad St, Philadelphia, PA 19102","128 N Broad St, Philadelphia, PA 19102",39.95589,-75.16382,verified,40,/models/pa-academy-of-fine-arts.glb,/audio/pa-academy-of-fine-arts.mp3
Speakeasy Tour,speakeasy-tour,The Ranstead Room,speakeasy-tour-the-ranstead-room,"#1 Classic - 1920s alley bootlegger site | Day: 1 Day | Time: Noon | Location: 2013 Ranstead St, Philadelphia, PA","2013 Ranstead St, Philadelphia, PA",39.95103,-75.17402,verified,40,/models/the-ranstead-room.glb,/audio/the-ranstead-room.mp3
Speakeasy Tour,speakeasy-tour,Franklin Mortgage & Investment,speakeasy-tour-franklin-mortgage-and-investment,"#2 Elite - USA TODAY top speakeasy | Day: 1 Day | Time: 1:00 PM | Location: 112 S 18th St, Philadelphia, PA","112 S 18th St, Philadelphia, PA",39.95061,-75.17096,verified,40,/models/franklin-mortgage-and-investment.glb,/audio/franklin-mortgage-and-investment.mp3
Speakeasy Tour,speakeasy-tour,Hop Sing Laundromat,speakeasy-tour-hop-sing-laundromat,"#3 Iconic - World's 50 Best Bars, password entry | Day: 1 Day | Time: 2:00 PM | Location: 1029 Race St, Philadelphia, PA","1029 Race St, Philadelphia, PA",39.95574,-75.15523,verified,40,/models/hop-sing-laundromat.glb,/audio/hop-sing-laundromat.mp3
Speakeasy Tour,speakeasy-tour,1 Tippling Place,speakeasy-tour-1-tippling-place,"#4 Craft - James Beard bartenders | Day: 1 Day | Time: 3:00 PM | Location: 2006 Chestnut St, Philadelphia, PA","2006 Chestnut St, Philadelphia, PA",39.95202,-75.17574,verified,40,/models/1-tippling-place.glb,/audio/1-tippling-place.mp3
Speakeasy Tour,speakeasy-tour,The Library Bar,speakeasy-tour-the-library-bar,"#5 Literary - Behind bookcase in Bar Hygge | Day: 1 Day | Time: 4:00 PM | Location: 210 W Rittenhouse Sq, Philadelphia, PA","210 W Rittenhouse Sq, Philadelphia, PA",39.94887,-75.17263,verified,40,/models/the-library-bar.glb,/audio/the-library-bar.mp3
Speakeasy Tour,speakeasy-tour,Andra Hem,speakeasy-tour-andra-hem,"#6 Swedish - Nordic cocktails, hidden behind furniture | Day: 1 Day | Time: 5:00 PM | Location: 218 S 16th St, Philadelphia, PA","218 S 16th St, Philadelphia, PA",39.94858,-75.16987,verified,40,/models/andra-hem.glb,/audio/andra-hem.mp3
Speakeasy Tour,speakeasy-tour,Haunt,speakeasy-tour-haunt,"#7 Spooky - Gothic decor, 1800s morgue site | Day: 1 Day | Time: 6:00 PM | Location: 1315 Sansom St, Philadelphia, PA","1315 Sansom St, Philadelphia, PA",39.94966,-75.16376,verified,40,/models/haunt.glb,/audio/haunt.mp3
Speakeasy Tour,speakeasy-tour,Charlie Was A Sinner,speakeasy-tour-charlie-was-a-sinner,"#8 Dramatic - Burlesque nights | Day: 1 Day | Time: 7:00 PM | Location: 131 S 13th St, Philadelphia, PA","131 S 13th St, Philadelphia, PA",39.95013,-75.16202,verified,40,/models/charlie-was-a-sinner.glb,/audio/charlie-was-a-sinner.mp3
Speakeasy Tour,speakeasy-tour,Mask and Wig Club,speakeasy-tour-mask-and-wig-club,"#9 Collegiate - 1889 private club | Day: 1 Day | Time: 8:00 PM | Location: 310 S Quince St, Philadelphia, PA","310 S Quince St, Philadelphia, PA",39.94573,-75.15574,verified,40,/models/mask-and-wig-club.glb,/audio/mask-and-wig-club.mp3
Speakeasy Tour,speakeasy-tour,Midnight & The Wicked,speakeasy-tour-midnight-and-the-wicked,"#10 Jazz - Live jazz, 1920s glamour | Day: 1 Day | Time: 9:00 PM | Location: 111 S 13th St, Philadelphia, PA","111 S 13th St, Philadelphia, PA",39.95044,-75.16177,verified,40,/models/midnight-and-the-wicked.glb,/audio/midnight-and-the-wicked.mp3
